id,name
1,Darryl Burke
2,Billie Russell
3,Erma Arnold
4,Lauren Roberts
5,Eddie Reeves
6,Marianne Colon
7,Jeffrey Park
8,Gerardo Bell
9,Vincent Warren
10,Michelle Richardson
11,Rachael Strickland
12,Gwen Gross
13,Ginger Thornton
14,Greg Burns
15,Frank Mason
16,Maria Rivera
17,Frederick Clayton
18,Damon Collier
19,Shelia Malone
20,Darrell Glover
21,Derrick Carroll
22,Mitchell Harmon
23,Edward Delgado
24,Mae Copeland
25,Joann Green
26,Harriet Olson
27,Alice Harrington
28,Sherman Hoffman
29,Ira Harris
30,Shannon Duncan
31,Andres Steele
32,Bradford Frank
33,Alejandro Harvey
34,Malcolm Crawford
35,Tony Leonard
36,Christie Turner
37,Ernestine Watkins
38,Gina French
39,Elsie Castillo
40,Jana Shaw
41,Frankie Lane
42,Joy Hardy
43,Dennis Gill
44,May Gregory
45,Violet Carter
46,Brad Swanson
47,Rodney Ballard
48,Daryl Walters
49,Ruben Mendez
50,Lynda Carr